-- =====================
-- SEED DATA
-- =====================
-- ACCOUNT
INSERT INTO
	ACCOUNT (ID, PLAYER_TYPE, USERNAME)
VALUES
	(
		'a1000000-0000-0000-0000-000000000001',
		'playable',
		'shreesh'
	),
	(
		'a1000000-0000-0000-0000-000000000002',
		'playable',
		'simeon'
	),
	(
		'a1000000-0000-0000-0000-000000000003',
		'playable',
		'aryan'
	),
	(
		'a1000000-0000-0000-0000-000000000004',
		'playable',
		'murali'
	),
	(
		'a1000000-0000-0000-0000-000000000005',
		'non_playable',
		'admin_sara'
	),
	(
		'e1000000-0000-0000-0000-000000000001',
		'playable',
		'stockfish_16'
	),
	(
		'e1000000-0000-0000-0000-000000000002',
		'playable',
		'komodo_14'
	);

INSERT INTO PLAYABLE_ACCOUNT VALUES 	
	(
		'a1000000-0000-0000-0000-000000000001'
	),
	(
		'a1000000-0000-0000-0000-000000000002'
	),
	(
		'a1000000-0000-0000-0000-000000000003'
	),
	(
		'a1000000-0000-0000-0000-000000000004'
	),
	(
		'e1000000-0000-0000-0000-000000000001'
	),
	(
		'e1000000-0000-0000-0000-000000000002'
	);
	
-- PLAYER_ACCOUNT
INSERT INTO
	PLAYER_ACCOUNT (ID, EMAIL, PASSWORD_HASH)
VALUES
	(
		'a1000000-0000-0000-0000-000000000001',
		'shreesh@chess.com',
		'hash_shreesh'
	),
	(
		'a1000000-0000-0000-0000-000000000002',
		'simeon@chess.com',
		'hash_simeon'
	),
	(
		'a1000000-0000-0000-0000-000000000003',
		'aryan@chess.com',
		'hash_aryan'
	),
	(
		'a1000000-0000-0000-0000-000000000004',
		'murali@chess.com',
		'hash_murali'
	);

-- ENGINE_ACCOUNT
INSERT INTO
	ENGINE_ACCOUNT (ID, VERSION, DEPTH)
VALUES
	(
		'e1000000-0000-0000-0000-000000000001',
		'16.0',
		20
	),
	(
		'e1000000-0000-0000-0000-000000000002',
		'14.1',
		18
	);
	
-- INSERT INTO NON_PLAYABLE_ACCOUNT VALUES ('a1000000-0000-0000-0000-000000000005');

INSERT INTO ADMIN_ACCOUNT(ID,ADMIN_LEVEL) VALUES
	(
		'a1000000-0000-0000-0000-000000000005',
		'admin'
	);


-- GAME_MODE
INSERT INTO
	GAME_MODE (ID, NAME, DESCRIPTION)
VALUES
	(
		'b1000000-0000-0000-0000-000000000001',
		'bullet',
		'Under 3 minutes'
	),
	(
		'b1000000-0000-0000-0000-000000000002',
		'blitz',
		'3 to 10 minutes'
	),
	(
		'b1000000-0000-0000-0000-000000000003',
		'rapid',
		'10 to 60 minutes'
	),
	(
		'b1000000-0000-0000-0000-000000000004',
		'classical',
		'Over 60 minutes'
	);

-- TIME_CONTROL
INSERT INTO
	TIME_CONTROL (ID, GAME_MODE_ID, BASE_TIME, INCR_TIME)
VALUES
	(
		'c1000000-0000-0000-0000-000000000001',
		'b1000000-0000-0000-0000-000000000001',
		60,
		0
	), -- 1+0  bullet
	(
		'c1000000-0000-0000-0000-000000000002',
		'b1000000-0000-0000-0000-000000000002',
		180,
		2
	), -- 3+2  blitz
	(
		'c1000000-0000-0000-0000-000000000003',
		'b1000000-0000-0000-0000-000000000002',
		300,
		0
	), -- 5+0  blitz
	(
		'c1000000-0000-0000-0000-000000000004',
		'b1000000-0000-0000-0000-000000000003',
		600,
		5
	), -- 10+5 rapid
	(
		'c1000000-0000-0000-0000-000000000005',
		'b1000000-0000-0000-0000-000000000004',
		5400,
		30
	),
    (
        'c1000000-0000-0000-0000-000000000006',
		'b1000000-0000-0000-0000-000000000004',
        2000000,
        1
	);
    -- 23 days (2 000 000 s) * 1000 ms close to integer
    -- 2 147 483 647 - 2 000 000 000 = 147 483 647 with 
    -- 1000 ms incr will allow for 147 483 moves
    ;


-- MATCH
INSERT INTO
MATCH (
		ID,
		WHITE_ID,
		BLACK_ID,
		TIME_CONTROL_ID,

		WHITE_ELO_INITIAL,
		BLACK_ELO_INITIAL,
        STARTED_AT,

		STATUS,
        RESULT,
        ENDED_AT,
		WHITE_ELO_SHIFT,
		BLACK_ELO_SHIFT,
        FINAL_FEN,
        FINAL_PGN
	)
VALUES
	-- shreesh vs simeon
	(
		'd1000000-0000-0000-0000-000000000001',
		'a1000000-0000-0000-0000-000000000001',
		'a1000000-0000-0000-0000-000000000002',
		'c1000000-0000-0000-0000-000000000006',
		1600,
		1600,
        NOW(),
		'active',
        NULL,
        NULL,
		NULL,
		NULL,
        NULL,
        NULL
	),
	-- simeon vs aryan
	(
		'd1000000-0000-0000-0000-000000000002',
		'a1000000-0000-0000-0000-000000000002',
		'a1000000-0000-0000-0000-000000000003',
		'c1000000-0000-0000-0000-000000000006',
		1590,
		1700,
        NOW(),
        'active',
        NULL,
        NULL,
		NULL,
		NULL,
        NULL,
        NULL
	),
	-- aryan vs murali
	(
		'd1000000-0000-0000-0000-000000000003',
		'a1000000-0000-0000-0000-000000000003',
		'a1000000-0000-0000-0000-000000000004',
		'c1000000-0000-0000-0000-000000000004',
		1705,
		1500,
        NOW() - INTERVAL '3 days',
		'completed',
        'white',
		NOW() - INTERVAL '3 days' + INTERVAL '40 minutes',
		10,
		-5,
        'r1bqkb1r/pppp1Qpp/2n2n2/4p3/2B1P3/8/PPPP1PPP/RNB1K1NR b KQkq - 0 4',
        '1. e4 e5 2. Qh5 Nc6 3. Bc4 Nf6 4. Qxf7#'
	),
	-- murali vs shreesh
	(
		'd1000000-0000-0000-0000-000000000004',
		'a1000000-0000-0000-0000-000000000004',
		'a1000000-0000-0000-0000-000000000001',
		'c1000000-0000-0000-0000-000000000001',
		1550,
		1610,
		NOW() - INTERVAL '3 days',
		'completed',
        'white',
		NOW() - INTERVAL '3 days' + INTERVAL '40 minutes',
		10,
		-20,
        'r1bqkb1r/pppp1Qpp/2n2n2/4p3/2B1P3/8/PPPP1PPP/RNB1K1NR b KQkq - 0 4',
        '1. e4 e5 2. Qh5 Nc6 3. Bc4 Nf6 4. Qxf7#'
	),
	-- shreesh vs aryan
	(
		'd1000000-0000-0000-0000-000000000005',
		'a1000000-0000-0000-0000-000000000001',
		'a1000000-0000-0000-0000-000000000003',
		'c1000000-0000-0000-0000-000000000005',
		1605,
		1695,
        NOW() - INTERVAL '5 days',
		'completed',
		'draw',
		NOW() - INTERVAL '5 days' + INTERVAL '90 minutes',
		10,
		-10,
		'rnbqkbnr/pppppppp/8/8/8/8/PPPPPPPP/RNBQKBNR w KQkq - 0 1',
        '1. e4 e5 1/2-1/2'
	),
	 -- simeon vs murali
	(
		'd1000000-0000-0000-0000-000000000006',
		'a1000000-0000-0000-0000-000000000002',
		'a1000000-0000-0000-0000-000000000004',
		'c1000000-0000-0000-0000-000000000003',
		1595,
		1575,
		NOW() - INTERVAL '20 minutes',
        'completed', 
        'black', 
        NOW() - INTERVAL '10 minutes',
		-5,
		5,
        'rnb1kbnr/pppp1ppp/8/4p3/6Pq/5P2/PPPPP2P/RNBQKBNR w KQkq - 1 3',
        '1. f3 e5 2. g4 Qh4#'
	);

-- GAME_SEEK
INSERT INTO
	GAME_SEEK (
		SEEKER_ID,
		TIME_CONTROL_ID,
		COLOR_PREFERENCE,
		STATUS
	)
VALUES
	(
		'a1000000-0000-0000-0000-000000000001',
		'c1000000-0000-0000-0000-000000000002',
		'white',
		'open'
	),
	(
		'a1000000-0000-0000-0000-000000000003',
		'c1000000-0000-0000-0000-000000000004',
		'random',
		'expired'
	);

-- USER_PROFILE
INSERT INTO
	USER_PROFILE (ID, BIO, AVATAR_URL, N_FOLLOWERS, N_FRIENDS)
VALUES
	(
		'a1000000-0000-0000-0000-000000000001',
		'Chess enthusiast',
		'https://cdn.chess.com/shreesh.jpg',
		10,
		3
	),
	(
		'a1000000-0000-0000-0000-000000000002',
		'Blitz specialist',
		'https://cdn.chess.com/simeon.jpg',
		8,
		3
	),
	(
		'a1000000-0000-0000-0000-000000000003',
		'Classical player',
		'https://cdn.chess.com/aryan.jpg',
		5,
		2
	),
	(
		'a1000000-0000-0000-0000-000000000004',
		'Tactical attacker',
		'https://cdn.chess.com/murali.jpg',
		6,
		2
	);

	
INSERT INTO
	USER_STATS (
		USER_ID,
		GAME_MODE_ID,
		ELO,
		N_WINS,
		N_LOSSES,
		N_DRAWS
	)
VALUES
	-- SHREESH
	(
		'a1000000-0000-0000-0000-000000000001',
		'b1000000-0000-0000-0000-000000000001',
		1400,
		10,
		5,
		2
	), -- bullet
	(
		'a1000000-0000-0000-0000-000000000001',
		'b1000000-0000-0000-0000-000000000002',
		1550,
		20,
		8,
		5
	), -- blitz
	(
		'a1000000-0000-0000-0000-000000000001',
		'b1000000-0000-0000-0000-000000000003',
		1480,
		12,
		7,
		3
	), -- rapid
	(
		'a1000000-0000-0000-0000-000000000001',
		'b1000000-0000-0000-0000-000000000004',
		1600,
		15,
		4,
		6
	), -- classical
	-- SIMEON
	(
		'a1000000-0000-0000-0000-000000000002',
		'b1000000-0000-0000-0000-000000000001',
		1700,
		30,
		10,
		4
	), -- bullet
	(
		'a1000000-0000-0000-0000-000000000002',
		'b1000000-0000-0000-0000-000000000002',
		1650,
		25,
		12,
		8
	), -- blitz
	(
		'a1000000-0000-0000-0000-000000000002',
		'b1000000-0000-0000-0000-000000000003',
		1580,
		18,
		11,
		5
	), -- rapid
	(
		'a1000000-0000-0000-0000-000000000002',
		'b1000000-0000-0000-0000-000000000004',
		1510,
		10,
		8,
		4
	), -- classical
	-- ARYAN
	(
		'a1000000-0000-0000-0000-000000000003',
		'b1000000-0000-0000-0000-000000000001',
		1350,
		7,
		14,
		1
	), -- bullet
	(
		'a1000000-0000-0000-0000-000000000003',
		'b1000000-0000-0000-0000-000000000002',
		1430,
		11,
		10,
		4
	), -- blitz
	(
		'a1000000-0000-0000-0000-000000000003',
		'b1000000-0000-0000-0000-000000000003',
		1480,
		12,
		9,
		3
	), -- rapid
	(
		'a1000000-0000-0000-0000-000000000003',
		'b1000000-0000-0000-0000-000000000004',
		1520,
		18,
		6,
		7
	), -- classical
	-- MURALI
	(
		'a1000000-0000-0000-0000-000000000004',
		'b1000000-0000-0000-0000-000000000001',
		1300,
		8,
		15,
		2
	), -- bullet
	(
		'a1000000-0000-0000-0000-000000000004',
		'b1000000-0000-0000-0000-000000000002',
		1380,
		9,
		13,
		3
	), -- blitz
	(
		'a1000000-0000-0000-0000-000000000004',
		'b1000000-0000-0000-0000-000000000003',
		1450,
		10,
		10,
		5
	), -- rapid
	(
		'a1000000-0000-0000-0000-000000000004',
		'b1000000-0000-0000-0000-000000000004',
		1420,
		8,
		11,
		6
	);

-- classical
-- USER_SESSION_LOG
INSERT INTO
	USER_SESSION_LOG (ID, LAST_GAME_ID, LAST_QUIT_AT, N_QUITS_TODAY)
VALUES
	(
		'a1000000-0000-0000-0000-000000000001',
		'd1000000-0000-0000-0000-000000000001',
		NOW() - INTERVAL '2 days',
		0
	),
	(
		'a1000000-0000-0000-0000-000000000002',
		'd1000000-0000-0000-0000-000000000006',
		NULL,
		0
	),
	(
		'a1000000-0000-0000-0000-000000000003',
		'd1000000-0000-0000-0000-000000000003',
		NOW() - INTERVAL '3 days',
		1
	),
	(
		'a1000000-0000-0000-0000-000000000004',
		'd1000000-0000-0000-0000-000000000006',
		NULL,
		0
	);

-- FRIENDSHIP (USER1_ID < USER2_ID enforced)
INSERT INTO
	FRIENDSHIP (USER1_ID, USER2_ID)
VALUES
	(
		'a1000000-0000-0000-0000-000000000001',
		'a1000000-0000-0000-0000-000000000002'
	),
	(
		'a1000000-0000-0000-0000-000000000001',
		'a1000000-0000-0000-0000-000000000003'
	),
	(
		'a1000000-0000-0000-0000-000000000002',
		'a1000000-0000-0000-0000-000000000004'
	),
	(
		'a1000000-0000-0000-0000-000000000003',
		'a1000000-0000-0000-0000-000000000004'
	);

-- FOLLOWER
INSERT INTO
	FOLLOWER (FOLLOWER_ID, FOLLOWED_ID)
VALUES
	(
		'a1000000-0000-0000-0000-000000000002',
		'a1000000-0000-0000-0000-000000000001'
	),
	(
		'a1000000-0000-0000-0000-000000000003',
		'a1000000-0000-0000-0000-000000000001'
	),
	(
		'a1000000-0000-0000-0000-000000000004',
		'a1000000-0000-0000-0000-000000000001'
	),
	(
		'a1000000-0000-0000-0000-000000000003',
		'a1000000-0000-0000-0000-000000000002'
	),
	(
		'a1000000-0000-0000-0000-000000000001',
		'a1000000-0000-0000-0000-000000000004'
	);

-- FRIEND_REQUEST
INSERT INTO
	FRIEND_REQUEST (FROM_USER, TO_USER, STATUS)
VALUES
	(
		'a1000000-0000-0000-0000-000000000002',
		'a1000000-0000-0000-0000-000000000001',
		'pending'
	),
	(
		'a1000000-0000-0000-0000-000000000004',
		'a1000000-0000-0000-0000-000000000002',
		'declined'
	);

-- BAN
INSERT INTO
	BAN (
		ACCOUNT_ID,
		BANNED_BY,
		BAN_TYPE,
		REASON,
		EXPIRES_AT
	)
VALUES
	(
		'a1000000-0000-0000-0000-000000000003',
		'a1000000-0000-0000-0000-000000000005',
		'temporary',
		'Excessive game quitting',
		NOW() + INTERVAL '3 days'
	);

-- ANTI_CHEAT_LOG
INSERT INTO
	ANTI_CHEAT_LOG (USER_ID, MATCH_ID, SUS_SCORE)
VALUES
	(
		'a1000000-0000-0000-0000-000000000002',
		'd1000000-0000-0000-0000-000000000002',
		72.50
	),
	(
		'a1000000-0000-0000-0000-000000000004',
		'd1000000-0000-0000-0000-000000000003',
		45.00
	);
